"rules","support","confidence","coverage","lift","count","count_in_lineage","success_rate"
"{ORF1a.L3606F,ORF1b.F685Y} => {S.T95I}",0.00513527492126832,1,0.00513527492126832,1.10236806811011,2790,50,1
"{ORF1b.F685Y} => {S.T95I}",0.162594951969534,0.998937036366926,0.162767968400574,1.10119629094345,88338,4137,0.999516557892192
"{ORF1b.F685Y,S.T95I} => {S.G142D}",0.162317021319674,0.998290656342684,0.162594951969534,1.21511695175049,88187,0,0
"{ORF1b.F685Y} => {S.G142D}",0.162486356550052,0.998269857065316,0.162767968400574,1.21509163492081,88279,0,0
"{ORF1a.L3606F,ORF1b.F685Y} => {S.G142D}",0.00508925991301323,0.991039426523297,0.00513527492126832,1.2062907725024,2765,0,0
"{ORF1a.L3606F,ORF1b.F685Y,S.T95I} => {S.G142D}",0.00508925991301323,0.991039426523297,0.00513527492126832,1.2062907725024,2765,0,0
"{ORF1a.L3606F,S.T95I} => {S.G142D}",0.0248867570646842,0.916864447006171,0.027143333069514,1.11600516837062,13521,0,0
"{S.L5F,S.T95I} => {S.G142D}",0.0104490880745664,0.906869009584665,0.0115221580670752,1.10383874632323,5677,0,0
