"rules","support","confidence","coverage","lift","count","count_in_lineage","success_rate"
"{ORF3a.T151I} => {ORF1b.P2633S}",0.00600403827712447,0.827288866345422,0.00725748710199319,120.889421294872,3262,861,0
"{ORF1b.K2557R} => {S.K1191N}",0.0546551217646201,0.923904112036012,0.0591567036585392,16.5804800492962,25861,0,0
"{ORF1b.K2557R} => {ORF1a.Q3966R}",0.0546973901392109,0.924618627415955,0.0591567036585392,11.5841613598783,25881,0,0
"{ORF1a.T4087I} => {ORF1b.P218L}",0.0138344390035653,0.890127821593691,0.0155420813370332,5.37705206194413,6546,0,0
"{ORF1b.K2557R} => {ORF1b.K1383R}",0.0555258502811904,0.938623128862849,0.0591567036585392,4.23642380898219,26273,0,0
