"rules","support","confidence","coverage","lift","count","count_in_lineage","success_rate"
"{ORF3a.T151I} => {S.L5F}",0.0106474035594198,0.645483664317745,0.0164952331840555,24.1134982626113,5038,861,0.0139372822299652
